City_ID,City,Country,Lat,Lng,Max Temp,Humidity,Cloudiness,Wind Speed,Current Description
0,Butaritari,KI,3.0707,172.7902,81.16,76,78,12.77,broken clouds
1,Gigmoto,PH,13.7796,124.39,82.71,79,92,3.09,overcast clouds
2,Aklavik,CA,68.2191,-135.0107,-15.88,97,92,5.41,overcast clouds
3,Busselton,AU,-33.65,115.3333,85.75,36,0,13.04,clear sky
4,Cabo San Lucas,MX,22.8909,-109.9124,70.52,70,60,5.01,broken clouds
5,Prince Rupert,CA,54.3161,-130.3201,44.29,77,100,20.71,overcast clouds
6,Port Elizabeth,ZA,-33.918,25.5701,69.1,67,40,5.75,scattered clouds
7,Hithadhoo,MV,-0.6,73.0833,80.1,74,42,4.18,scattered clouds
8,Monrovia,LR,6.3005,-10.7969,75.79,88,48,4.27,light rain
9,Makakilo City,US,21.3469,-158.0858,75.52,71,100,3.44,overcast clouds
10,Ushuaia,AR,-54.8,-68.3,44.26,76,75,19.57,broken clouds
11,Mahebourg,MU,-20.4081,57.7,82.69,61,20,5.75,few clouds
12,Ukiah,US,39.1502,-123.2078,52.16,96,100,4.61,moderate rain
13,Provideniya,RU,64.3833,-173.3,-7.01,81,84,11.32,broken clouds
14,Cape Town,ZA,-33.9258,18.4232,69.12,56,0,11.01,clear sky
15,Moses Lake,US,47.1301,-119.2781,34.48,86,100,5.75,overcast clouds
16,Lavrentiya,RU,65.5833,-171.0,-8.55,87,74,9.44,broken clouds
17,Yulara,AU,-25.2406,130.9889,90.19,33,72,17.43,broken clouds
18,Noyabrsk,RU,63.1994,75.4507,-22.05,98,78,8.05,broken clouds
19,Rikitea,PF,-23.1203,-134.9692,77.74,72,99,4.83,overcast clouds
20,Ribeira Grande,PT,38.5167,-28.7,60.78,91,100,11.99,light rain
21,Sioux Lookout,CA,50.1001,-91.917,24.87,93,100,4.61,mist
22,Palpa,PE,-14.5336,-75.1856,70.93,80,100,2.98,overcast clouds
23,Punta Arenas,CL,-53.15,-70.9167,46.51,71,75,17.27,broken clouds
24,Yellowknife,CA,62.456,-114.3525,7.32,85,100,10.36,light snow
25,Kysyl-Syr,RU,63.8986,122.7617,-33.54,98,85,5.68,overcast clouds
26,Denpasar,ID,-8.65,115.2167,87.46,70,40,4.61,moderate rain
27,Presidencia Roque Saenz Pena,AR,-26.7852,-60.4388,68.45,46,1,1.68,clear sky
28,Bilma,NE,18.6853,12.9164,54.99,35,0,7.4,clear sky
29,Mount Gambier,AU,-37.8333,140.7667,69.44,60,28,9.4,scattered clouds
30,Pittsburg,US,38.028,-121.8847,55.76,95,100,5.99,mist
31,Port Alfred,ZA,-33.5906,26.891,68.18,71,46,1.01,scattered clouds
32,Tura,IN,25.5198,90.2201,70.59,34,1,3.18,clear sky
33,Berdigestyakh,RU,62.0989,126.6992,-22.14,98,97,4.47,overcast clouds
34,Khatanga,RU,71.9667,102.5,-11.67,94,100,15.21,overcast clouds
35,Mookane,BW,-23.688,26.6595,75.09,62,75,9.89,broken clouds
36,Peniche,PT,39.3558,-9.3811,62.29,92,100,21.56,overcast clouds
37,Karlskoga,SE,59.3267,14.5239,40.39,86,100,12.59,overcast clouds
38,Asau,RO,46.4333,26.4,27.52,84,36,6.78,scattered clouds
39,Kitgum,UG,3.2783,32.8867,79.21,38,29,9.69,scattered clouds
40,Lago Da Pedra,BR,-4.3333,-45.1667,71.53,99,38,3.2,scattered clouds
41,Jinotega,NI,13.0917,-86.0018,60.8,98,29,4.65,scattered clouds
42,Evensk,RU,61.95,159.2333,-9.71,76,88,10.71,overcast clouds
43,New Norfolk,AU,-42.7826,147.0587,67.5,47,30,7.96,scattered clouds
44,Hobart,AU,-42.8794,147.3294,67.86,65,75,17.27,broken clouds
45,Hofn,IS,64.2539,-15.2082,16.77,70,12,17.87,few clouds
46,Mataura,NZ,-46.1927,168.8643,62.6,43,25,6.46,scattered clouds
47,Mount Isa,AU,-20.7333,139.5,92.97,40,100,12.66,overcast clouds
48,Baiyin,CN,36.5583,104.2081,30.69,23,0,6.08,clear sky
49,Baykit,RU,61.67,96.37,-20.97,97,44,1.86,scattered clouds
50,Oistins,BB,13.0667,-59.5333,76.35,82,15,18.03,light rain
51,Victoria,HK,22.2855,114.1577,67.24,63,6,17.0,clear sky
52,Norman Wells,CA,65.282,-126.8329,-20.16,69,20,0.0,few clouds
53,Tuatapere,NZ,-46.1333,167.6833,59.04,55,42,5.84,scattered clouds
54,Parry Sound,CA,45.3501,-80.033,44.65,93,100,9.55,overcast clouds
55,Isangel,VU,-19.55,169.2667,86.11,79,100,11.5,overcast clouds
56,Ambovombe,MG,-25.1667,46.0833,84.96,56,0,4.07,clear sky
57,Jamestown,US,42.097,-79.2353,53.19,76,100,10.36,overcast clouds
58,Vaini,TO,-21.2,-175.2,75.36,94,100,10.36,moderate rain
59,Poretskoye,RU,55.1974,46.3291,24.67,91,100,5.48,overcast clouds
60,Vitim,RU,59.4511,112.5578,-15.54,95,100,2.39,overcast clouds
61,Itacare,BR,-14.2775,-38.9967,73.99,84,52,2.24,broken clouds
62,Martapura,ID,-3.4167,114.85,86.09,66,20,6.91,few clouds
63,Kapaa,US,22.0752,-159.319,73.38,88,100,6.91,overcast clouds
64,Kavieng,PG,-2.5744,150.7967,80.44,79,99,9.95,moderate rain
65,Hasaki,JP,35.7333,140.8333,54.28,37,100,3.02,overcast clouds
66,Torbay,CA,47.6666,-52.7314,23.27,82,75,13.8,broken clouds
67,Petatlan,MX,17.5167,-101.2667,73.4,65,100,4.54,overcast clouds
68,Moyo,UG,3.6609,31.7247,76.62,54,51,2.01,light rain
69,Atuona,PF,-9.8,-139.0333,77.95,77,30,15.32,light rain
70,Severo-Kurilsk,RU,50.6789,156.125,24.64,75,99,18.7,light snow
71,Georgetown,MY,5.4112,100.3354,89.53,70,20,10.36,few clouds
72,Montevideo,UY,-34.8335,-56.1674,63.52,54,0,11.01,clear sky
73,Hilo,US,19.7297,-155.09,71.33,89,100,5.75,overcast clouds
74,Sur,OM,22.5667,59.5289,74.17,45,3,17.76,clear sky
75,Catamarca,AR,-28.4696,-65.7852,75.78,52,0,1.99,clear sky
76,Barrow,US,71.2906,-156.7887,-2.18,78,100,14.97,light snow
77,Albany,US,42.6001,-73.9662,43.66,67,100,2.15,overcast clouds
78,Guerrero Negro,MX,27.9769,-114.0611,58.87,80,19,10.29,few clouds
79,Avarua,CK,-21.2078,-159.775,78.85,83,75,2.3,light rain
80,Palmer,US,42.1584,-72.3287,41.41,79,100,0.0,overcast clouds
81,Barahona,DO,18.2085,-71.1008,72.99,86,1,0.25,clear sky
82,Dori,BF,14.0354,-0.0345,62.78,29,11,12.06,few clouds
83,Loyga,RU,61.0784,44.6075,-4.07,100,99,2.15,overcast clouds
84,Curuca,BR,-0.7289,-47.8481,73.83,95,99,2.77,overcast clouds
85,Castro,BR,-24.7911,-50.0119,59.58,99,13,6.62,few clouds
86,Marsa Matruh,EG,31.3525,27.2453,61.12,73,9,5.7,clear sky
87,Rio Gallegos,AR,-51.6226,-69.2181,46.45,61,0,11.5,clear sky
88,Luwuk,ID,-0.9516,122.7875,85.14,71,100,1.34,overcast clouds
89,Nome,US,64.5011,-165.4064,8.67,78,100,10.36,overcast clouds
90,Kaitangata,NZ,-46.2817,169.8464,55.76,59,18,6.71,few clouds
91,Kahului,US,20.8947,-156.47,76.84,74,100,5.75,overcast clouds
92,Dikson,RU,73.5069,80.5464,-15.18,98,100,19.77,overcast clouds
93,Hongjiang,CN,27.11,109.9956,53.85,42,11,3.18,few clouds
94,Kachug,RU,53.9606,105.8817,4.6,83,44,2.3,scattered clouds
95,Manono,CD,-7.3,27.4167,67.98,98,100,1.79,light rain
96,Ostrovnoy,RU,68.0531,39.5131,16.34,89,13,15.08,few clouds
97,Coihaique,CL,-45.5752,-72.0662,49.95,57,0,4.61,clear sky
98,Batagay-Alyta,RU,67.8006,130.4114,-31.77,92,64,5.84,broken clouds
99,Nikolskoye,RU,59.7035,30.7861,30.09,97,100,8.88,snow
100,Alofi,NU,-19.0595,-169.9187,82.29,83,75,3.44,light rain
101,Dingle,PH,10.9995,122.6711,83.98,75,100,8.46,overcast clouds
102,Floro,NO,61.5996,5.0328,42.76,75,75,19.57,light intensity shower rain
103,Tuktoyaktuk,CA,69.4541,-133.0374,-2.2,84,75,6.91,broken clouds
104,Bredasdorp,ZA,-34.5322,20.0403,64.24,47,95,16.98,overcast clouds
105,Verkh-Usugli,RU,52.7,115.1667,12.38,73,41,6.29,scattered clouds
106,Ornes,NO,66.8689,13.7078,30.67,76,99,14.72,overcast clouds
107,Ambilobe,MG,-13.2,49.05,78.4,75,75,2.44,broken clouds
108,Thompson,CA,55.7435,-97.8558,5.16,85,100,5.75,light snow
109,Springdale,US,36.1867,-94.1288,53.49,56,0,4.61,clear sky
110,Airai,TL,-8.9266,125.4092,66.7,81,100,6.13,overcast clouds
111,Kutum,SD,14.2,24.6667,50.31,37,3,8.08,clear sky
112,Jiuquan,CN,39.7432,98.5174,24.58,39,96,2.71,overcast clouds
113,Cockburn Town,TC,21.4612,-71.1419,78.55,76,1,22.3,clear sky
114,Cidreira,BR,-30.1811,-50.2056,65.86,75,0,8.93,clear sky
115,Komsomolskiy,UZ,40.4272,71.7189,38.12,75,75,2.3,mist
116,Sitka,US,57.0531,-135.33,44.49,53,100,20.71,light rain
117,Tasiilaq,GL,65.6145,-37.6368,6.96,71,9,5.37,clear sky
118,Pangnirtung,CA,66.1451,-65.7125,-13.0,77,100,9.22,light snow
119,Tierralta,CO,8.1736,-76.0592,73.71,96,23,3.18,few clouds
120,Vytegra,RU,61.0064,36.4481,7.61,94,100,10.11,overcast clouds
121,Bambous Virieux,MU,-20.3428,57.7575,82.65,61,20,5.75,few clouds
122,Qaanaaq,GL,77.484,-69.3632,-23.62,70,18,6.8,few clouds
123,Ossora,RU,59.2353,163.0719,-2.52,86,100,7.36,overcast clouds
124,Wanning,CN,18.8003,110.3967,69.21,64,71,15.86,broken clouds
125,Manicore,BR,-5.8092,-61.3003,72.32,99,100,3.27,light rain
126,Kasongo-Lunda,CD,-6.4667,16.8167,74.34,91,81,1.14,broken clouds
127,Kvarkeno,RU,52.0833,59.725,16.65,95,94,4.07,overcast clouds
128,Vostok,RU,46.4856,135.8833,-1.71,97,70,2.62,broken clouds
129,Atmakur,IN,15.8833,78.5833,87.62,39,3,2.44,clear sky
130,Bungu,TZ,-7.6337,39.0582,83.57,63,94,5.12,light rain
131,Lichtenburg,ZA,-26.152,26.1597,74.39,46,100,14.0,overcast clouds
132,Bengkulu,ID,-3.8004,102.2655,81.34,77,37,15.17,scattered clouds
133,Lebu,CL,-37.6167,-73.65,56.46,92,22,20.29,few clouds
134,Arraial Do Cabo,BR,-22.9661,-42.0278,72.3,93,100,2.28,overcast clouds
135,Port Lincoln,AU,-34.7333,135.8667,66.25,61,0,17.54,clear sky
136,Berezovyy,RU,51.6667,135.7,-4.13,99,58,1.7,broken clouds
137,Puerto Ayora,EC,-0.7393,-90.3518,71.55,96,46,4.88,scattered clouds
138,Ulaangom,MN,49.9811,92.0667,-10.14,90,100,1.5,overcast clouds
139,El Doncello,CO,1.6782,-75.2847,73.13,70,95,3.74,overcast clouds
140,Aguilas,ES,37.4063,-1.5829,56.88,55,56,6.62,broken clouds
141,Hermanus,ZA,-34.4187,19.2345,66.79,50,70,18.61,broken clouds
142,Molokovo,RU,58.1661,36.7628,23.09,95,100,11.32,snow
143,Kuala Terengganu,MY,5.3302,103.1408,84.97,70,20,9.22,few clouds
144,Tiarei,PF,-17.5333,-149.3333,78.82,78,20,15.17,light rain
145,Muisne,EC,0.6,-80.0333,74.52,88,92,3.31,overcast clouds
146,Piacabucu,BR,-10.4056,-36.4344,75.83,85,36,5.73,scattered clouds
147,Bluff,NZ,-46.6,168.3333,55.53,60,22,11.5,few clouds
148,Dangara,IN,29.6799,75.8931,67.89,31,49,5.99,scattered clouds
149,Antofagasta,CL,-23.65,-70.4,65.48,86,26,0.34,scattered clouds
150,Longyearbyen,SJ,78.2186,15.6401,22.84,68,75,10.36,light snow
151,Muros,ES,42.7762,-9.0603,61.09,89,100,24.61,overcast clouds
152,Garden City,US,42.3256,-83.331,55.31,86,100,17.27,overcast clouds
153,Cherskiy,RU,68.75,161.3,-45.24,100,64,3.8,broken clouds
154,Saldanha,ZA,-33.0117,17.9442,66.25,52,6,9.73,clear sky
155,Tiksi,RU,71.6872,128.8694,-10.21,96,100,9.93,overcast clouds
156,Tansen,NP,27.8673,83.5467,59.76,38,1,5.08,clear sky
157,Verkhoyansk,RU,67.5447,133.385,-23.31,100,100,0.83,overcast clouds
158,Saint-Philippe,RE,-21.3585,55.7679,82.11,76,46,4.81,light rain
159,Jhang,PK,33.6748,72.6963,57.61,61,30,8.39,scattered clouds
160,Thunder Bay,CA,48.4001,-89.3168,33.78,100,100,0.0,mist
161,Sakakah,SA,29.9697,40.2064,49.57,63,0,9.75,clear sky
162,Ponta Do Sol,PT,32.6667,-17.1,67.12,26,32,7.02,scattered clouds
163,Pudozh,RU,61.8099,36.5345,3.76,97,84,5.26,broken clouds
164,Simao,CN,22.7886,100.9748,53.83,94,100,2.66,overcast clouds
165,Biak,ID,-0.9131,122.8766,82.15,71,100,2.59,overcast clouds
166,Reggio Di Calabria,IT,38.1105,15.6613,55.56,82,20,6.91,few clouds
167,Roald,NO,62.5833,6.1333,45.75,75,7,23.02,light rain
168,Malaya Serdoba,RU,52.4661,44.9512,25.86,97,100,7.96,overcast clouds
169,Coquimbo,CL,-29.9533,-71.3436,60.53,88,100,5.75,overcast clouds
170,Turukhansk,RU,65.8167,87.9833,-15.86,84,18,8.52,few clouds
171,Diamantino,BR,-14.4086,-56.4461,72.01,99,100,3.78,overcast clouds
172,Goderich,CA,43.7501,-81.7165,52.12,82,100,16.11,overcast clouds
173,Lata,PT,40.1629,-8.3327,61.07,93,100,8.32,overcast clouds
174,Pipri,IN,19.8,75.5333,84.78,45,0,3.44,haze
175,Mayo,US,38.8876,-76.5119,42.26,92,0,0.0,clear sky
176,Qaqortoq,GL,60.7167,-46.0333,1.42,69,0,5.75,clear sky
177,Khani,GE,41.9563,42.9566,31.57,41,100,3.47,overcast clouds
178,Agadir,MA,30.4202,-9.5982,54.05,33,17,5.68,few clouds
179,Saskylakh,RU,71.9167,114.0833,-1.16,85,100,22.5,overcast clouds
180,Taoudenni,ML,22.6783,-3.9836,64.51,30,99,11.9,overcast clouds
181,Athabasca,CA,54.7169,-113.2854,3.61,100,65,1.92,broken clouds
182,Bethel,US,41.3712,-73.414,42.39,72,100,0.0,overcast clouds
183,Iralaya,HN,15.0,-83.2333,76.57,85,1,10.02,clear sky
184,Tabou,CI,4.423,-7.3528,76.23,87,100,3.31,overcast clouds
185,Doha,QA,25.2867,51.5333,64.71,72,99,10.36,overcast clouds
186,Poum,NC,-20.2333,164.0167,81.1,79,19,13.04,few clouds
187,Maniitsoq,GL,65.4167,-52.9,8.82,81,68,6.29,broken clouds
188,Clyde River,CA,70.4692,-68.5914,-23.57,76,0,4.61,clear sky
189,Fukue,JP,32.6881,128.8419,46.76,57,75,11.5,broken clouds
190,Usinsk,RU,65.9939,57.5281,-17.81,100,41,4.09,scattered clouds
191,Qeshm,IR,26.9581,56.2719,69.67,41,81,13.38,broken clouds
192,Rangpur,BD,25.75,89.25,74.12,39,5,7.47,clear sky
193,Aksarka,RU,66.5606,67.7975,-23.84,100,80,4.92,broken clouds
194,Erdenet,MN,49.0333,104.0833,4.96,87,18,2.46,few clouds
195,Nouadhibou,MR,20.931,-17.0347,67.98,73,40,12.66,scattered clouds
196,Tual,ID,-5.6667,132.75,83.8,75,100,20.24,overcast clouds
197,Vao,NC,-22.6667,167.4833,78.17,88,96,18.86,overcast clouds
198,Chokurdakh,RU,70.6333,147.9167,-43.42,99,64,5.79,broken clouds
199,Aitape,PG,-3.1374,142.3475,81.36,78,85,9.17,overcast clouds
200,Kenai,US,60.5544,-151.2583,30.29,74,100,17.27,overcast clouds
201,Hervey Bay,AU,-25.2986,152.8535,75.99,84,99,19.04,overcast clouds
202,Zeya,RU,53.75,127.2667,-1.41,99,100,1.81,overcast clouds
203,High Level,CA,58.5169,-117.136,6.91,92,100,2.3,overcast clouds
204,Saint-Pierre,RE,-21.3393,55.4781,82.18,65,0,6.91,light rain
205,Necochea,AR,-38.5473,-58.7368,62.11,53,100,8.1,overcast clouds
206,Nagato,JP,34.3833,131.2,44.89,54,78,8.7,broken clouds
207,Skibbereen,IE,51.55,-9.2667,49.5,86,100,19.64,light rain
208,San Jose De Guanipa,VE,8.8872,-64.1651,70.57,92,26,10.54,scattered clouds
209,Kalisz,PL,51.7611,18.091,44.64,82,100,12.28,overcast clouds
210,Nalut,LY,30.3333,10.85,49.03,45,0,6.89,clear sky
211,Kurumkan,RU,54.3,110.3,4.08,87,24,4.7,few clouds
212,Kottapalli,IN,18.4833,79.1,86.4,36,66,1.88,broken clouds
213,Lompoc,US,34.6391,-120.4579,56.79,94,100,0.0,overcast clouds
214,Morant Bay,JM,17.8815,-76.4093,76.62,82,2,9.82,clear sky
215,Tigzirt,DZ,36.8886,4.1198,55.67,56,87,8.12,overcast clouds
216,Yar-Sale,RU,66.8333,70.8333,-24.81,100,81,4.16,broken clouds
217,Lerwick,GB,60.1545,-1.1494,41.0,66,100,11.99,overcast clouds
218,Iqaluit,CA,63.7506,-68.5145,-16.87,76,0,21.85,clear sky
219,Tuyen Quang,VN,21.8233,105.2181,58.87,64,100,2.37,overcast clouds
220,Jacareacanga,BR,-6.2222,-57.7528,71.8,99,100,1.45,overcast clouds
221,Ahtopol,BG,42.1,27.95,46.67,78,6,4.05,clear sky
222,West Bay,KY,19.3667,-81.4167,78.01,88,6,13.15,clear sky
223,Songjianghe,CN,42.1859,127.479,15.37,74,4,3.89,clear sky
224,Flinders,AU,-34.5833,150.8552,73.18,87,21,4.0,light rain
225,Antonio Escobedo,MX,20.8,-104.0167,50.9,62,0,2.44,clear sky
226,Kavaratti,IN,10.5669,72.642,82.2,68,83,5.14,broken clouds
227,Kruisfontein,ZA,-34.0033,24.7314,67.89,43,35,8.99,scattered clouds
228,Havelock,US,34.8791,-76.9013,65.93,87,0,0.0,clear sky
229,Talnakh,RU,69.4865,88.3972,-20.16,95,37,6.76,scattered clouds
230,Sistranda,NO,63.7256,8.834,37.36,78,100,15.26,overcast clouds
231,Aljezur,PT,37.3191,-8.8033,58.64,82,100,7.78,overcast clouds
232,Ushtobe,KZ,45.2514,77.9838,30.69,96,99,7.7,light snow
233,Antalaha,MG,-14.9003,50.2788,83.86,58,16,7.47,few clouds
234,Sorland,NO,67.667,12.6934,39.06,85,100,36.01,light rain
235,Kudahuvadhoo,MV,2.6708,72.8944,81.48,74,38,11.86,scattered clouds
236,Dunedin,NZ,-45.8742,170.5036,59.81,95,50,5.28,scattered clouds
237,Faanui,PF,-16.4833,-151.75,80.76,76,100,15.17,overcast clouds
238,Kungalv,SE,57.871,11.9805,42.67,94,78,13.94,broken clouds
239,Cermik,TR,38.1361,39.4493,44.44,52,0,2.73,clear sky
240,Ixtapa,MX,20.7,-105.2,69.22,83,0,0.0,clear sky
241,Caranavi,BO,-15.8167,-67.55,63.57,100,100,1.97,overcast clouds
242,Adrar,MR,20.5022,-10.0711,68.76,25,100,21.23,overcast clouds
243,Chernyshevskiy,RU,63.0128,112.4714,-36.26,100,37,3.11,scattered clouds
244,Kalmunai,LK,7.4167,81.8167,81.61,61,100,11.1,overcast clouds
245,Santa Cruz Cabralia,BR,-16.2781,-39.0247,75.43,94,40,2.3,scattered clouds
246,Weihe,CN,32.9952,105.3247,37.13,64,100,4.14,overcast clouds
247,Kirakira,SB,-10.4544,161.9205,82.67,77,97,5.93,moderate rain
248,Olinda,BR,-8.0089,-34.8553,80.33,74,75,5.75,broken clouds
249,Charters Towers,AU,-20.1,146.2667,92.17,24,97,9.55,overcast clouds
250,Surt,LY,31.2089,16.5887,60.46,63,100,4.59,overcast clouds
251,Sola,VU,-13.8833,167.55,81.27,78,100,0.0,overcast clouds
252,Mitsamiouli,KM,-11.3847,43.2844,88.09,58,20,4.61,light rain
253,Cap Malheureux,MU,-19.9842,57.6142,83.46,58,8,5.99,clear sky
254,Chernaya Kholunitsa,RU,58.8511,51.7154,15.98,95,100,5.82,overcast clouds
255,Phalaborwa,ZA,-23.943,31.1411,69.08,81,100,16.51,overcast clouds
256,Olavarria,AR,-36.8927,-60.3225,67.01,59,7,8.19,clear sky
257,Ahuimanu,US,21.4447,-157.8378,76.71,71,100,4.61,overcast clouds
258,Trunovskoye,RU,45.4878,42.1358,38.7,62,52,6.24,broken clouds
259,Maningrida,AU,-12.0667,134.2667,83.88,74,99,16.44,light rain
260,Matagami,CA,49.7502,-77.6328,33.91,100,100,6.91,mist
261,Gat,IL,31.61,34.7642,57.4,100,0,2.8,clear sky
262,Lyndon,US,38.2567,-85.6016,60.4,71,100,11.5,overcast clouds
263,San Lorenzo,PY,-25.3333,-57.5333,70.74,68,0,0.0,clear sky
264,Benjamin Hill,MX,30.1667,-111.1,53.2,67,96,8.46,overcast clouds
265,Sayyan,YE,15.1718,44.3244,55.2,39,6,6.26,clear sky
266,Harper,LR,4.375,-7.7169,77.05,85,100,1.7,overcast clouds
267,La Rioja,ES,42.25,-2.5,40.78,84,100,8.14,overcast clouds
268,Nanortalik,GL,60.1432,-45.2371,16.59,75,2,8.57,clear sky
269,East London,ZA,-33.0153,27.9116,63.54,82,75,5.75,broken clouds
270,Chifeng,CN,42.2683,118.9636,26.2,24,0,5.39,clear sky
271,Lukulu,ZM,-14.3707,23.242,73.56,72,100,5.23,overcast clouds
272,Rocha,UY,-34.4833,-54.3333,52.57,86,0,7.05,clear sky
273,Ilulissat,GL,69.2167,-51.1,14.02,73,100,17.27,light snow
274,Hukuntsi,BW,-24.0,21.75,80.46,44,88,16.96,overcast clouds
275,Tartagal,AR,-22.5164,-63.8013,68.77,68,100,4.0,overcast clouds
276,Anloga,GH,5.7947,0.8973,77.63,80,99,5.19,overcast clouds
277,Raga,SS,8.4596,25.678,72.54,23,5,7.74,clear sky
278,Pasni,PK,25.2631,63.471,71.42,32,0,25.7,clear sky
279,Kenora,CA,49.8167,-94.4337,13.17,92,100,10.36,overcast clouds
280,Pacific Grove,US,36.6177,-121.9166,56.07,92,100,1.99,overcast clouds
281,Sao Joao Da Barra,BR,-21.6403,-41.0511,72.59,95,100,6.44,overcast clouds
282,San Patricio,US,28.017,-97.5169,66.09,94,100,4.9,overcast clouds
283,Kodiak,US,57.79,-152.4072,38.71,93,100,6.91,mist
284,Solnechnyy,RU,50.7214,136.6319,-2.0,98,65,6.38,broken clouds
285,Russell,US,32.3502,-85.1999,55.0,100,0,3.44,mist
286,San Policarpo,PH,12.1791,125.5072,81.45,82,100,6.67,overcast clouds
287,Bilibino,RU,68.0546,166.4372,-32.87,99,22,3.29,few clouds
288,Carnarvon,AU,-24.8667,113.6333,83.28,58,0,25.08,clear sky
289,Sibolga,ID,1.7427,98.7792,83.77,67,45,5.03,light rain
290,Saint Anthony,US,45.0205,-93.218,22.24,85,100,14.97,overcast clouds
291,Tarapur,IN,19.85,72.7,81.79,38,0,12.01,clear sky
292,Auki,SB,-8.7676,160.7034,82.0,80,95,7.49,overcast clouds
293,Carutapera,BR,-1.195,-46.02,75.65,91,83,6.31,broken clouds
294,Buala,SB,-8.145,159.5921,82.76,79,97,8.99,light rain
295,Zhigansk,RU,66.7697,123.3711,-19.37,98,100,2.37,overcast clouds
296,Awbari,LY,26.5921,12.7805,50.47,43,0,4.45,clear sky
297,Lubango,AO,-14.9172,13.4925,67.87,63,100,2.19,overcast clouds
298,Naze,JP,28.3667,129.4833,52.72,86,100,15.93,light rain
299,Itupiranga,BR,-5.1347,-49.3267,75.52,98,100,3.62,overcast clouds
300,Igrim,RU,63.1906,64.4162,-9.53,99,96,2.59,overcast clouds
301,Butembo,CD,0.15,29.2833,66.74,76,25,2.17,light rain
302,Mus,TR,39.0,41.75,19.44,50,0,3.29,clear sky
303,Constitucion,CL,-35.3333,-72.4167,57.42,77,0,2.91,clear sky
304,Hami,CN,42.8,93.45,23.52,39,10,2.91,clear sky
305,Manokwari,ID,-0.8667,134.0833,80.24,77,100,8.72,overcast clouds
306,Leninskoye,KZ,41.7589,69.3864,40.48,61,100,4.92,overcast clouds
307,Esperance,AU,-33.8667,121.9,79.29,51,0,21.16,clear sky
308,Sabha,LY,27.0377,14.4283,51.62,44,0,6.02,clear sky
309,Praya,CV,14.9215,-23.5087,68.54,73,20,8.05,few clouds
310,San-Pedro,CI,4.7485,-6.6363,75.34,88,100,2.95,overcast clouds
311,Ketchikan,US,55.3422,-131.6461,44.58,87,100,11.5,mist
312,Lagoa,PT,39.05,-27.9833,60.44,84,100,27.38,overcast clouds
313,Svetlyy,RU,54.675,20.1347,44.65,88,100,17.76,light rain
314,Ugoofaaru,MV,5.6667,73.0,81.05,75,100,14.03,overcast clouds
315,Bac Lieu,VN,9.285,105.7244,80.74,67,100,7.7,overcast clouds
316,Maidens,GB,55.3338,-4.8147,46.44,92,100,28.43,moderate rain
317,Aksu,CN,41.1231,80.2644,28.44,38,100,4.45,overcast clouds
318,Iquique,CL,-20.2208,-70.1431,66.24,74,100,4.36,overcast clouds
319,Chiria,IN,22.3,85.2667,78.39,19,6,5.64,clear sky
320,Vila Velha,BR,-20.3297,-40.2925,76.95,89,40,8.05,scattered clouds
321,Bereda,ES,43.2686,-7.5406,58.41,100,100,13.04,overcast clouds
322,Wuda,CN,39.4994,106.7117,26.08,24,0,2.59,clear sky
323,Polunochnoye,RU,60.8697,60.4153,-13.49,99,100,2.82,overcast clouds
324,Bennettsville,US,34.6174,-79.6848,47.08,92,75,0.0,broken clouds
325,Olafsvik,IS,64.8945,-23.7142,22.57,53,100,10.85,overcast clouds
326,Neiafu,TO,-18.65,-173.9833,83.08,83,75,8.05,moderate rain
327,Aripuana,BR,-9.1667,-60.6333,71.35,100,100,1.34,light rain
328,Korla,CN,41.7597,86.1469,25.02,46,100,6.71,overcast clouds
329,Tabuk,PH,17.4189,121.4443,71.76,88,100,8.41,overcast clouds
330,Tumpat,MY,6.1978,102.171,89.19,74,40,8.05,scattered clouds
331,Rumoi,JP,43.9344,141.6428,27.39,74,100,7.9,light snow
332,Kunigal,IN,13.0222,77.0267,81.68,31,29,9.04,scattered clouds
333,Mazabuka,ZM,-15.856,27.748,73.18,69,100,7.45,overcast clouds
334,Gravdal,NO,68.1214,13.5031,39.09,60,75,16.11,light rain
335,Uray,RU,60.1247,64.7758,-7.47,99,99,3.24,overcast clouds
336,Salamanca,ES,40.8333,-6.0,52.0,94,100,16.37,overcast clouds
337,Rock Springs,US,41.5875,-109.2029,17.04,83,0,9.22,clear sky
338,Kalga,RU,50.9251,118.898,-2.96,97,99,3.4,overcast clouds
339,Upernavik,GL,72.7868,-56.1549,-10.03,90,100,4.68,overcast clouds
340,Maraa,BR,-1.8333,-65.3667,71.71,98,100,1.1,overcast clouds
341,Nara,JP,34.6851,135.8049,49.37,69,56,7.56,broken clouds
342,Mzimba,MW,-11.9,33.6,62.46,96,100,4.81,light rain
343,La Palma,US,33.8464,-118.0467,59.02,86,100,0.0,overcast clouds
344,Kokorevka,RU,52.5872,34.2778,32.7,94,100,7.18,light snow
345,Leningradskiy,RU,69.3833,178.4167,-16.29,92,100,12.24,overcast clouds
346,Port Blair,IN,11.6667,92.75,84.24,61,40,10.36,scattered clouds
347,Serebryansk,KZ,49.6925,83.2892,22.6,93,100,4.0,light snow
348,Puerto Leguizamo,CO,-0.1934,-74.7819,75.79,72,98,0.83,overcast clouds
349,Chumphon,TH,10.3333,98.8333,83.84,39,100,7.83,overcast clouds
350,Dzaoudzi,YT,-12.7887,45.2699,76.89,94,75,5.75,light rain
351,Tecoanapa,MX,16.5167,-98.75,73.74,73,100,4.16,overcast clouds
352,Roebourne,AU,-20.7833,117.1333,99.48,32,34,15.99,scattered clouds
353,Sisimiut,GL,66.9395,-53.6735,6.76,88,96,8.75,overcast clouds
354,Westport,US,41.1415,-73.3579,45.45,75,100,1.01,overcast clouds
355,Lima,PE,-12.0432,-77.0282,72.9,77,75,10.36,broken clouds
356,Maldonado,UY,-34.6667,-54.9167,61.23,76,0,7.27,clear sky
357,Kununurra,AU,-15.7667,128.7333,80.58,94,40,8.05,scattered clouds
358,Inhambane,MZ,-23.865,35.3833,84.27,55,66,5.01,broken clouds
359,Guymon,US,36.6828,-101.4816,26.6,80,0,0.0,clear sky
360,Sao Manuel,BR,-22.7311,-48.5706,64.81,99,76,2.73,broken clouds
361,Tezu,IN,27.9167,96.1667,73.45,28,2,3.44,clear sky
362,Campbell River,CA,50.0163,-125.2446,42.33,97,100,7.11,overcast clouds
363,Touros,BR,-5.1989,-35.4608,77.68,78,6,11.7,clear sky
364,Jand,PK,33.4299,72.0193,58.21,53,5,4.16,clear sky
365,Shitanjing,CN,39.2342,106.3439,25.74,23,0,2.1,clear sky
366,Dauphin,CA,51.1494,-100.0502,5.14,78,100,13.8,overcast clouds
367,Pottsville,US,40.6857,-76.1955,43.95,78,85,2.59,overcast clouds
368,Puerto Escondido,MX,15.85,-97.0667,75.38,70,99,5.01,overcast clouds
369,Pisco,PE,-13.7,-76.2167,68.05,83,100,10.36,overcast clouds
370,Badulla,LK,6.9895,81.0557,75.74,63,100,7.29,overcast clouds
371,Atasu,KZ,48.6814,71.6433,17.53,96,100,7.81,overcast clouds
372,Katherine,AU,-14.4667,132.2667,88.12,62,40,17.27,scattered clouds
373,Christchurch,NZ,-43.5333,172.6333,59.95,64,75,9.22,broken clouds
374,Coronado,US,32.6859,-117.1831,58.32,88,75,10.36,broken clouds
375,Ancud,CL,-41.8697,-73.8203,48.81,91,45,2.77,scattered clouds
376,Morondava,MG,-20.2833,44.2833,83.95,69,99,2.8,overcast clouds
377,Saquarema,BR,-22.92,-42.5103,72.07,96,100,3.56,overcast clouds
378,Altamont,US,42.2068,-121.7372,36.99,88,100,14.97,overcast clouds
379,Shetpe,KZ,44.1667,52.1167,34.77,65,10,6.35,clear sky
380,Basco,PH,20.4487,121.9702,74.82,77,96,28.61,overcast clouds
381,Sao Filipe,CV,14.8961,-24.4956,71.73,62,28,7.45,scattered clouds
382,San Rafael,AR,-34.6177,-68.3301,75.22,29,10,9.8,clear sky
383,Kolochava,UA,48.4285,23.6959,38.16,96,100,3.56,overcast clouds
384,Jertih,MY,5.7336,102.4897,89.08,63,100,8.08,overcast clouds
385,Bandar,ID,2.05,99.75,82.15,80,100,3.04,overcast clouds
386,Xaxim,BR,-26.9617,-52.5347,54.91,67,4,2.86,clear sky
387,Umm Lajj,SA,25.0213,37.2685,73.87,37,89,3.85,overcast clouds
388,Chuy,UY,-33.6971,-53.4616,56.71,83,0,5.57,clear sky
389,Kyshtovka,RU,56.555,76.6271,-1.03,97,99,5.86,overcast clouds
390,Susehri,TR,40.1644,38.0867,36.48,58,7,2.71,clear sky
391,Port Shepstone,ZA,-30.7414,30.455,65.57,75,100,15.61,overcast clouds
392,Bend,US,44.0582,-121.3153,37.87,93,75,10.36,moderate rain
393,Bonavista,CA,48.6499,-53.1147,25.59,74,100,20.98,overcast clouds
394,Astana,KZ,51.1801,71.446,15.75,86,75,8.95,broken clouds
395,Porec,HR,45.2258,13.5939,54.25,86,100,6.82,light rain
396,Lyngseidet,NO,69.5763,20.2189,26.6,79,100,26.31,overcast clouds
397,Calafell,ES,41.2,1.5683,60.98,41,100,4.97,overcast clouds
398,Agfalva,HU,47.6899,16.5166,32.95,75,100,3.02,overcast clouds
399,Geraldton,AU,-28.7667,114.6,79.21,61,0,17.27,clear sky
400,Richards Bay,ZA,-28.783,32.0377,68.16,81,100,14.63,light rain
401,Challans,FR,46.8436,-1.8749,52.97,93,100,29.57,overcast clouds
402,Los Llanos De Aridane,ES,28.6585,-17.9182,66.13,62,75,7.0,broken clouds
403,Hamilton,US,39.1834,-84.5333,58.44,67,100,10.36,overcast clouds
404,Broken Hill,AU,-31.95,141.4333,89.37,25,2,4.9,clear sky
405,Lorengau,PG,-2.0226,147.2712,77.56,85,100,10.27,light rain
406,Mitu,CO,1.1983,-70.1733,71.08,98,97,1.66,overcast clouds
407,Boddam,GB,57.4667,-1.7833,41.38,95,100,28.99,moderate rain
408,Loandjili,CG,-4.7561,11.8578,79.77,83,50,4.43,scattered clouds
409,Spring Valley,US,36.108,-115.245,44.94,61,40,5.75,scattered clouds
410,Mwense,ZM,-10.3845,28.698,66.72,96,100,6.71,light rain
411,Mantua,IT,45.1667,10.7833,46.09,91,100,1.01,overcast clouds
412,West Wendover,US,40.7391,-114.0733,31.21,74,100,3.44,overcast clouds
413,Luena,AO,-11.7833,19.9167,66.54,86,97,6.87,overcast clouds
414,Gusev,RU,54.5922,22.1997,40.32,93,98,11.74,overcast clouds
415,Canto Do Buriti,BR,-8.11,-42.9444,70.88,77,5,2.98,clear sky
416,Nam Som,TH,17.7704,102.1895,78.1,45,11,7.45,few clouds
417,Vestmanna,FO,62.1564,-7.1664,31.12,69,75,11.5,broken clouds
418,Cayenne,GF,4.9333,-52.3333,73.44,100,20,0.0,few clouds
419,Soyo,AO,-6.1349,12.3689,79.65,82,100,4.54,overcast clouds
420,Souillac,MU,-20.5167,57.5167,82.78,61,20,5.75,few clouds
421,Pagudpud,PH,18.5616,120.7868,75.92,81,100,18.99,overcast clouds
422,Brownsville,US,25.9018,-97.4975,69.98,98,100,8.05,mist
423,Waddan,LY,29.1614,16.139,54.88,49,29,3.91,scattered clouds
424,Eydhafushi,MV,5.1033,73.0708,81.0,76,43,12.41,scattered clouds
425,Ada,US,43.4166,-116.1262,37.29,60,100,13.8,overcast clouds
426,Alice Springs,AU,-23.7,133.8833,92.75,40,40,14.97,scattered clouds
427,Apatzingan,MX,19.0833,-102.35,70.83,50,100,1.88,overcast clouds
428,Aginskoye,RU,51.1,114.53,14.88,70,3,15.17,clear sky
429,Batemans Bay,AU,-35.7167,150.1833,67.1,69,22,9.91,light rain
430,Nata,PA,8.3333,-80.5167,73.38,87,0,5.01,clear sky
431,Acurenam,GQ,1.0322,10.6488,73.17,86,100,1.72,light rain
432,Derzhavinsk,KZ,51.1,66.3167,19.4,96,98,7.02,overcast clouds
433,Kisangani,CD,0.5167,25.2,77.72,67,100,2.28,overcast clouds
434,Palu,ID,-0.8917,119.8707,85.86,69,100,4.18,overcast clouds
435,Altay,CN,47.8667,88.1167,18.55,85,100,2.01,overcast clouds
436,Mendeleyevsk,RU,55.9082,52.2905,16.84,97,100,2.42,overcast clouds
437,Guanhaes,BR,-18.775,-42.9325,63.75,97,92,2.62,overcast clouds
438,Yining,CN,29.0361,114.5636,50.41,45,1,2.57,clear sky
439,Rawson,AR,-43.3002,-65.1023,63.05,55,100,7.65,overcast clouds
440,Nantucket,US,41.2835,-70.0995,46.54,92,0,10.36,clear sky
441,Linxia,CN,35.6003,103.2064,32.4,17,0,3.04,clear sky
442,Neuquen,AR,-38.9516,-68.0591,76.89,41,0,2.3,clear sky
443,Nabire,ID,-3.3667,135.4833,85.01,63,94,5.17,overcast clouds
444,Portland,US,45.5234,-122.6762,49.84,95,100,18.41,moderate rain
445,Pravokumskoye,RU,44.7694,44.6472,35.94,56,99,6.49,overcast clouds
446,Berbera,SO,10.4396,45.0143,81.48,63,38,19.77,scattered clouds
447,Avera,US,33.194,-82.5271,54.91,92,98,4.63,overcast clouds
448,Chimbarongo,CL,-34.7,-71.05,59.88,58,0,0.67,clear sky
449,Haikou,CN,20.0458,110.3417,64.53,68,75,13.42,broken clouds
450,Gijon,ES,43.5357,-5.6615,67.46,100,98,6.26,overcast clouds
451,Novyy Oskol,RU,50.7631,37.8691,34.38,92,100,12.26,overcast clouds
452,Quatre Cocos,MU,-20.2078,57.7625,83.08,63,1,9.75,clear sky
453,Muroto,JP,33.2833,134.15,49.44,47,6,3.27,clear sky
454,Katesh,TZ,-4.5167,35.3833,67.37,58,100,7.18,overcast clouds
455,Yarkovo,RU,57.4028,67.0786,-5.37,99,99,1.59,overcast clouds
456,Kharan,PK,28.5833,65.4167,55.67,38,0,9.28,clear sky
457,Petropavlovsk-Kamchatskiy,RU,53.0452,158.6483,16.39,67,75,6.71,light snow
458,Mwinilunga,ZM,-11.7358,24.4293,62.42,99,100,2.84,light rain
459,Shingu,JP,33.7333,135.9833,49.24,48,24,5.21,few clouds
460,Bonthe,SL,7.5264,-12.505,74.44,87,56,4.38,light rain
461,Narsaq,GL,60.9167,-46.05,5.22,64,0,6.71,clear sky
462,Faya,SA,18.3851,42.4509,59.11,68,100,7.7,overcast clouds
463,Mathbaria,BD,22.2876,89.9593,77.32,23,97,7.63,overcast clouds
464,Codrington,AU,-38.2667,141.9667,66.83,74,4,12.41,clear sky
465,Fagersta,SE,60.0042,15.7932,39.65,89,100,10.29,overcast clouds
466,Tamsweg,AT,47.1281,13.811,39.69,91,100,2.3,overcast clouds
467,Tranas,SE,58.0372,14.9782,38.39,88,100,14.88,light rain
468,Delta Del Tigre,UY,-34.7633,-56.3853,62.89,64,0,12.68,clear sky
469,Noumea,NC,-22.2763,166.4572,82.38,82,64,4.09,broken clouds
470,Saint George,US,37.1041,-113.5841,38.25,89,100,4.61,overcast clouds
471,Urumqi,CN,43.801,87.6005,5.95,85,68,4.47,mist
472,Mar Del Plata,AR,-38.0023,-57.5575,67.08,69,99,10.0,overcast clouds
473,Ca Mau,VN,9.1769,105.15,86.95,48,73,6.35,broken clouds
474,Anadyr,RU,64.75,177.4833,-17.9,69,0,11.18,clear sky
475,Dudinka,RU,69.4058,86.1778,-27.99,100,32,3.85,scattered clouds
476,Megion,RU,61.0296,76.1136,-17.99,96,20,6.38,few clouds
477,Marsh Harbour,BS,26.5412,-77.0636,74.37,83,86,10.74,overcast clouds
478,Riberalta,BO,-10.9833,-66.1,72.39,99,100,2.51,light rain
479,Kijang,KR,35.2442,129.2139,44.33,47,7,9.26,clear sky
480,Montepuez,MZ,-13.1256,38.9997,79.43,67,46,5.23,scattered clouds
481,Tiznit,MA,29.5833,-9.5,59.9,32,58,5.21,broken clouds
482,Vista Hermosa,MX,19.5167,-99.2167,55.54,56,75,6.91,broken clouds
483,Chunskiy,RU,56.0815,99.6342,2.71,92,100,2.98,overcast clouds
484,Moorhead,US,46.8739,-96.7676,12.22,85,100,13.8,overcast clouds
485,Darhan,MN,49.4867,105.9228,3.13,92,96,0.92,overcast clouds
486,Catalina,US,32.5056,-110.9211,53.96,79,100,4.81,overcast clouds
487,Luderitz,NA,-26.6481,15.1594,76.91,40,0,12.15,clear sky
488,Olesnica,PL,51.2134,17.3899,47.55,69,100,7.96,overcast clouds
489,Waipawa,NZ,-41.4122,175.5153,55.49,80,100,14.05,overcast clouds
490,Buraydah,SA,26.326,43.975,48.65,36,69,12.1,broken clouds
491,Sheregesh,RU,52.9209,87.9869,20.16,90,100,1.95,overcast clouds
492,Bonoua,CI,5.2741,-3.595,74.82,86,95,2.73,overcast clouds
493,Kovylkino,RU,54.0388,43.9139,26.26,97,98,5.97,overcast clouds
494,Krasnoarmeysk,RU,51.0239,45.6969,28.27,95,100,8.84,light snow
495,Namanga,KE,-2.5433,36.7905,71.87,58,100,10.58,overcast clouds
496,Keetmanshoop,NA,-26.5833,18.1333,79.84,14,0,6.53,clear sky
497,Jalu,LY,29.0331,21.5482,56.12,78,2,4.63,clear sky
498,Yerbogachen,RU,61.2767,108.0108,-33.72,99,17,2.66,few clouds
499,Srednekolymsk,RU,67.45,153.6833,-43.26,100,85,1.61,overcast clouds
500,Caravelas,BR,-17.7125,-39.2481,72.03,93,20,5.23,few clouds
501,Pokhara,NP,28.2333,83.9833,64.71,39,10,6.15,clear sky
502,Dwarka,IN,22.2394,68.9678,76.78,47,0,9.95,clear sky
503,Urusha,RU,54.05,122.9,-2.6,98,23,1.48,few clouds
504,Beringovskiy,RU,63.05,179.3167,-9.72,88,100,16.82,overcast clouds
505,Mingyue,CN,43.1069,128.9217,18.54,65,0,7.85,clear sky
506,San Andres,CO,12.5847,-81.7006,80.62,74,20,12.66,few clouds
507,Marzuq,YE,14.4,46.4667,66.16,39,0,4.97,clear sky
508,Pochutla,MX,15.7432,-96.4661,67.82,65,11,3.94,few clouds
509,Nemuro,JP,43.3236,145.575,29.41,62,38,13.82,scattered clouds
510,Deputatskiy,RU,69.3,139.9,-36.24,96,79,4.85,broken clouds
511,Atambua,ID,-9.1061,124.8925,77.09,86,100,7.81,overcast clouds
512,Adamas,GR,36.7333,24.4333,58.35,71,0,5.17,clear sky
513,Aosta,IT,45.7667,7.4167,30.36,85,30,1.43,scattered clouds
514,Thongwa,MM,16.7619,96.5278,86.16,40,0,7.65,clear sky
515,Katete,UG,-0.7818,29.7544,74.16,56,77,1.86,broken clouds
516,Calmar,CA,53.2668,-113.8187,19.27,96,100,9.22,mist
517,Borda Da Mata,BR,-22.2742,-46.1653,64.62,99,100,2.82,overcast clouds
518,Beloha,MG,-25.1667,45.05,92.01,38,0,1.23,clear sky
519,Negombo,LK,7.2083,79.8358,86.05,58,20,11.5,few clouds
520,Pombas,CV,17.1503,-25.0201,65.98,64,3,6.13,clear sky
521,Troitskoye,RU,52.9821,84.6757,13.12,95,100,0.72,overcast clouds
522,Husavik,IS,66.0449,-17.3389,20.37,71,100,18.05,light snow
523,Nakamura,JP,32.9833,132.9333,47.46,52,10,6.26,clear sky
524,Mirnyy,RU,62.5353,113.9611,-33.48,100,25,4.38,scattered clouds
525,Ciudad Guayana,VE,8.3533,-62.6528,74.52,93,33,4.34,scattered clouds
526,Mehamn,NO,71.0357,27.8492,22.95,68,0,29.93,clear sky
527,Strezhevoy,RU,60.7333,77.5889,-13.56,98,86,5.41,overcast clouds
528,Severodvinsk,RU,64.5635,39.8302,1.51,98,71,7.9,broken clouds
529,Dukat,RU,62.55,155.55,-32.33,99,99,4.14,overcast clouds
530,Wenatchee,US,47.4235,-120.3103,37.78,92,100,4.61,light snow
531,Staunton,US,38.1496,-79.0717,42.31,93,0,3.44,clear sky
532,Tautira,PF,-17.7333,-149.15,80.56,76,37,14.25,light rain
533,Millinocket,US,45.6573,-68.7098,30.42,100,100,0.0,overcast clouds
534,Bukama,CD,-9.2,25.85,68.88,99,100,2.06,moderate rain
535,Iaciara,BR,-14.0958,-46.6317,67.15,95,77,1.72,broken clouds
536,Tocopilla,CL,-22.092,-70.1979,66.25,69,54,2.35,broken clouds
537,Kapoeta,SS,4.7717,33.5903,87.46,27,14,23.53,few clouds
538,Charcas,MX,23.1333,-101.1167,50.4,38,100,8.48,overcast clouds
539,Pevek,RU,69.7008,170.3133,-31.11,100,100,2.82,overcast clouds
540,Sassandra,CI,4.95,-6.0833,74.71,90,99,3.6,overcast clouds
541,Rio De Oro,CO,8.2919,-73.3849,63.07,83,42,5.03,scattered clouds
542,Lincoln,US,40.8,-96.667,32.56,89,40,1.99,scattered clouds
543,Kuytun,RU,54.3419,101.5036,1.96,94,79,3.24,broken clouds
544,Padang,ID,-0.9492,100.3543,83.71,68,51,6.96,moderate rain
545,Lithgow,AU,-33.4833,150.15,68.58,50,49,10.29,scattered clouds
546,Sao Felix Do Xingu,BR,-6.6447,-51.995,70.63,98,99,1.23,overcast clouds
547,Khash,IR,28.2211,61.2158,50.38,25,0,6.4,clear sky
548,Flin Flon,CA,54.7682,-101.865,-6.27,100,87,3.89,overcast clouds
549,Laguna,US,38.421,-121.4238,52.05,94,100,17.27,light rain
550,Honiara,SB,-9.4333,159.95,81.97,84,100,6.35,overcast clouds
551,Cascais,PT,38.6979,-9.4215,62.17,95,100,11.99,overcast clouds
552,Hailar,CN,49.2,119.7,2.28,92,12,8.12,few clouds
553,Shibetsu,JP,43.659,145.132,25.5,86,40,3.44,scattered clouds
554,Pangai,TO,-19.8,-174.35,78.91,89,100,2.3,light rain
555,Namibe,AO,-15.1961,12.1522,73.78,78,100,9.37,light rain
556,Vestmannaeyjar,IS,63.4427,-20.2734,20.71,65,0,20.09,clear sky
557,Wilmington,US,34.2257,-77.9447,57.85,92,14,5.5,few clouds
558,Fairbanks,US,64.8378,-147.7164,-1.91,79,75,0.0,broken clouds
559,Marsaxlokk,MT,35.8419,14.5431,61.09,100,94,5.75,fog
560,Foumban,CM,5.7291,10.9001,67.73,36,57,1.05,broken clouds
561,Dhidhdhoo,MV,6.8833,73.1,81.48,75,89,14.85,overcast clouds
562,Aykhal,RU,66.0,111.5,-14.58,99,100,10.69,overcast clouds
563,Elko,US,41.0002,-115.5012,26.74,89,100,1.01,overcast clouds
564,Half Moon Bay,US,37.4636,-122.4286,56.25,96,100,11.5,overcast clouds
565,Gadarwara,IN,22.9167,78.7833,78.58,24,0,3.53,clear sky
566,Simbahan,PH,6.3032,120.5836,80.15,80,100,9.91,overcast clouds
567,Lamont,US,35.2597,-118.9143,59.07,78,100,2.95,overcast clouds
568,Ayan,RU,56.45,138.1667,0.61,82,76,5.73,broken clouds
569,Karpathos,GR,35.507,27.2132,60.76,82,20,9.22,few clouds
570,Timmendorfer Strand,DE,54.0,10.7833,44.74,87,20,14.41,few clouds
571,Alekseyevka,RU,50.6309,38.6903,34.65,93,100,12.5,overcast clouds
572,La Esperanza,GT,14.8667,-91.5667,49.53,95,17,2.44,few clouds
573,Karymskoye,RU,51.6167,114.35,15.85,68,6,12.82,clear sky
574,Snasa,NO,64.2457,12.3778,35.01,99,100,2.57,overcast clouds
575,Turiacu,BR,-1.6633,-45.3717,73.89,93,75,4.25,broken clouds
576,Valera,VE,9.3178,-70.6036,68.23,87,20,4.27,few clouds
577,Klaksvik,FO,62.2266,-6.589,32.92,64,96,21.09,overcast clouds
578,Swan River,CA,52.1058,-101.2676,3.09,85,9,6.91,clear sky
579,Oktyabrskiy,RU,54.4815,53.471,10.8,97,78,2.93,broken clouds
580,Quincy,US,42.2529,-71.0023,42.94,75,75,9.22,broken clouds
581,Omboue,GA,-1.5746,9.2618,80.08,82,100,0.81,light rain
582,Carolina,PR,18.3808,-65.9574,77.97,90,40,9.22,scattered clouds
583,Baft,IR,29.234,56.6057,44.53,18,0,2.01,clear sky
584,Tilichiki,RU,60.4667,166.1,-14.26,91,100,12.19,overcast clouds
585,Dawlatabad,AF,36.4141,64.9053,46.33,60,0,6.49,clear sky
586,Sangar,RU,63.9242,127.4739,-24.57,98,100,5.93,overcast clouds
587,Krasnoselkup,RU,65.7,82.4667,-13.04,97,21,8.57,few clouds
588,Mayahi,NE,13.9553,7.6712,56.8,24,78,13.09,broken clouds
589,Fortuna,US,40.5982,-124.1573,56.35,93,100,10.0,light rain
590,Bulgan,MN,48.8125,103.5347,7.47,84,18,1.19,few clouds
591,Salalah,OM,17.0151,54.0924,78.89,29,0,17.27,clear sky
592,Bulqize,AL,41.4917,20.2219,34.12,90,59,2.01,broken clouds
593,Mecca,SA,21.4267,39.8261,68.45,79,99,1.83,overcast clouds
594,Lakatoro,VU,-16.0999,167.4164,80.91,83,99,18.48,overcast clouds
595,Eureka,US,40.8021,-124.1637,56.62,94,100,7.0,light rain
596,Santiago Del Estero,AR,-27.7951,-64.2615,72.48,61,0,7.9,clear sky
597,Liberal,US,37.0431,-100.921,19.54,86,0,3.44,clear sky
598,Marawi,PH,7.9986,124.2928,75.78,86,100,2.21,overcast clouds
599,Haines Junction,CA,60.7522,-137.5108,-9.45,84,100,0.0,overcast clouds
600,Merrill,US,45.1805,-89.6835,42.57,99,100,0.0,fog
601,Cururupu,BR,-1.8283,-44.8683,74.59,91,88,3.87,overcast clouds
602,Kaeo,NZ,-35.1,173.7833,69.48,75,24,2.28,few clouds
603,Fallon,US,39.4735,-118.7774,31.87,93,75,4.61,broken clouds
604,San Juan,AR,-31.5375,-68.5364,78.04,25,0,7.16,clear sky
605,Mumbwa,ZM,-14.9783,27.0619,69.15,81,100,6.42,overcast clouds
606,Havre-Saint-Pierre,CA,50.2334,-63.5986,23.0,80,100,9.04,overcast clouds
607,Karratha,AU,-20.7377,116.8463,96.53,39,8,16.2,clear sky
608,Grindavik,IS,63.8424,-22.4338,14.47,79,20,0.0,few clouds
609,Kirkland Lake,CA,48.1446,-80.0377,35.15,100,100,7.67,overcast clouds
610,Coolum Beach,AU,-26.5333,153.1,76.1,91,100,1.01,overcast clouds
611,Suntar,RU,62.1444,117.6319,-30.96,99,92,3.94,overcast clouds
612,Nogliki,RU,51.8333,143.1667,2.19,92,6,10.74,clear sky
613,Acapulco,MX,16.8634,-99.8901,76.82,78,100,0.0,overcast clouds
614,Pecos,US,31.4229,-103.4932,52.86,57,0,0.0,clear sky
615,Yarada,IN,17.65,83.2667,84.52,70,40,8.05,haze
616,Kloulklubed,PW,7.0419,134.2556,84.7,77,62,8.03,broken clouds
617,La Roda,ES,39.2167,-2.15,49.73,68,100,17.54,overcast clouds
618,Gao,ML,16.6362,1.637,61.05,19,97,14.0,overcast clouds
619,Torit,SS,4.4133,32.5678,86.04,42,31,2.37,scattered clouds
620,Rayadrug,IN,14.7,76.8667,84.29,36,0,7.94,clear sky
621,Haradok,BY,55.4624,29.9816,33.91,100,100,7.83,light snow
622,Rafsanjan,IR,30.4067,55.9939,48.76,18,0,1.9,clear sky
623,Gornozavodsk,RU,58.3758,58.3211,5.63,88,100,9.91,overcast clouds
624,San Luis,AR,-33.295,-66.3356,70.97,30,2,10.83,clear sky
625,Cervo,ES,43.6702,-7.4101,61.83,81,100,22.84,overcast clouds
626,Binzhou,CN,37.3667,118.0167,39.4,17,0,5.3,clear sky
627,Joshimath,IN,30.5667,79.5667,52.88,48,36,8.81,scattered clouds
628,Alexandria,EG,31.2156,29.9553,57.74,68,9,6.82,light rain
629,Shu,KZ,43.5983,73.7614,33.4,90,45,2.62,scattered clouds
630,Obidos,BR,-1.9175,-55.5181,72.36,93,100,2.51,overcast clouds
631,Beyneu,KZ,45.3167,55.2,31.82,72,100,10.16,overcast clouds
632,Rudnogorsk,RU,57.2639,103.7519,-3.75,91,100,4.18,overcast clouds
633,Salym,RU,60.0625,71.4789,-12.23,98,53,3.24,broken clouds
634,Itoman,JP,26.1247,127.6694,61.18,88,75,18.41,light rain
635,Lewistown,US,40.5992,-77.5714,43.0,93,100,0.0,mist
636,Bontang,ID,0.1333,117.5,83.39,72,95,8.68,light rain
637,Gorontalo,ID,0.5412,123.0595,86.63,64,100,4.47,light rain
638,Uvarovo,RU,51.9849,42.2615,32.32,99,100,10.38,light snow
639,Padre Paraiso,BR,-17.0742,-41.4844,63.57,97,71,1.72,broken clouds
640,La Ronge,CA,55.1001,-105.2842,-3.75,77,75,1.14,light snow
641,Kieta,PG,-6.2167,155.6333,82.29,70,100,7.54,overcast clouds
642,Skovorodino,RU,53.9833,123.9167,-3.51,99,17,1.57,few clouds
643,Celestun,MX,20.8667,-90.4,73.42,90,5,14.36,clear sky
644,Broome,US,42.2506,-75.833,41.79,78,73,1.99,broken clouds
645,Shache,CN,38.4167,77.2406,27.72,32,100,2.3,overcast clouds
646,Lucapa,AO,-8.4192,20.7447,66.15,97,100,0.69,overcast clouds
647,Slyudyanka,RU,51.6594,103.7061,16.79,84,100,3.76,overcast clouds
648,Atar,MR,20.5169,-13.0499,69.24,39,64,20.49,broken clouds
649,Pouembout,NC,-21.1333,164.9,80.06,83,51,7.43,broken clouds
650,Nadym,RU,65.5333,72.5167,-25.42,100,33,4.36,scattered clouds
651,Moindou,NC,-21.6924,165.677,81.12,80,48,10.02,scattered clouds
652,Hede,CN,33.7681,120.2517,44.2,25,100,6.11,overcast clouds
653,Barranca,PE,-10.75,-77.7667,68.77,84,100,6.91,overcast clouds
654,Baherden,TM,38.4362,57.4316,43.9,71,96,5.86,overcast clouds
655,Eyl,SO,7.9803,49.8164,84.63,50,1,18.84,clear sky
656,Valparaiso,CL,-33.0393,-71.6273,60.44,88,75,6.91,broken clouds
657,Hualmay,PE,-11.0964,-77.6139,68.94,86,91,8.68,overcast clouds
658,Huarmey,PE,-10.0681,-78.1522,69.51,86,100,8.19,overcast clouds
659,Safranbolu,TR,41.2508,32.6942,42.31,74,0,2.39,clear sky
660,Kasama,ZM,-10.2129,31.1808,62.22,96,100,3.98,light rain
661,Hambantota,LK,6.1241,81.1185,86.34,66,20,16.11,few clouds
662,Nishihara,JP,26.1842,127.7558,60.46,88,100,18.41,light intensity shower rain
663,Paamiut,GL,61.994,-49.6678,10.81,79,7,12.35,clear sky
664,Arman,RU,59.7,150.1667,-9.81,81,2,8.97,clear sky
665,Moose Factory,CA,51.2585,-80.6094,32.0,100,100,1.14,light rain
666,Meulaboh,ID,4.1363,96.1285,82.71,68,100,6.64,overcast clouds
667,Timizart,DZ,36.8,4.2667,50.4,57,86,5.91,overcast clouds
668,Bambanglipuro,ID,-7.95,110.2833,82.56,72,83,4.25,broken clouds
669,Mahibadhoo,MV,3.7833,72.9667,81.45,74,47,13.29,scattered clouds
670,Krasnogorskoye,RU,52.2953,86.1979,21.97,93,100,1.72,overcast clouds
671,Vilhena,BR,-12.7406,-60.1458,66.25,97,100,0.56,overcast clouds
672,Kidal,ML,18.4411,1.4078,64.42,15,100,15.46,overcast clouds
673,Chapais,CA,49.7834,-74.8492,33.58,100,100,8.25,overcast clouds
674,Poso,ID,-1.3959,120.7524,83.25,73,100,3.27,light rain
675,Jiamusi,CN,46.8333,130.35,7.38,90,15,7.29,few clouds
676,Canning,IN,22.3189,88.6714,77.02,22,57,7.58,broken clouds
677,Okha,RU,53.5739,142.9478,-4.34,92,8,11.1,clear sky
678,Grevena,GR,40.0845,21.4274,34.81,85,93,1.97,overcast clouds
679,Taltal,CL,-25.4,-70.4833,62.91,87,77,3.69,broken clouds
680,Namyslow,PL,51.0759,17.7228,44.33,82,100,10.69,overcast clouds
681,Sao Luiz Gonzaga,BR,-28.4083,-54.9608,62.98,35,0,6.73,clear sky
682,Siyabuswa,ZA,-25.1132,29.0445,76.68,57,90,11.83,light rain
683,Grand-Santi,GF,4.25,-54.3833,70.9,100,98,2.24,overcast clouds
684,Nhulunbuy,AU,-12.2333,136.7667,77.61,94,40,6.91,heavy intensity rain
685,Wukari,NG,7.85,9.7833,70.21,22,5,10.65,clear sky
686,College,US,64.8569,-147.8028,-1.91,79,75,0.0,broken clouds
687,San Cristobal,VE,7.7669,-72.225,63.03,93,11,1.32,few clouds
688,Ponyri,RU,52.3186,36.3039,31.96,90,100,11.18,overcast clouds
689,Merauke,ID,-8.4667,140.3333,83.98,74,97,9.37,light rain
690,Menongue,AO,-14.6585,17.691,73.15,65,85,4.27,overcast clouds
691,Acara,BR,-1.9608,-48.1967,72.68,99,100,1.95,overcast clouds
692,Ardakan,IR,32.31,54.0175,47.39,42,0,2.44,clear sky
693,Samarai,PG,-10.6167,150.6667,82.51,74,100,12.8,overcast clouds
694,Balkhash,KZ,46.844,74.9804,21.81,93,40,4.47,mist
695,Burnie,AU,-41.0667,145.9167,64.94,74,93,10.42,overcast clouds
696,Puerto Del Rosario,ES,28.5004,-13.8627,62.35,72,0,3.44,clear sky
697,Natitingou,BJ,10.3042,1.3796,66.33,22,11,11.48,few clouds
698,Salisbury,GB,51.0693,-1.7957,49.64,88,100,21.85,moderate rain
699,Kaa-Khem,RU,51.6833,94.7333,2.82,94,100,2.04,overcast clouds
700,Sovetskiy,RU,61.3614,63.5842,-10.48,100,100,2.73,overcast clouds
701,Lixourion,GR,38.2019,20.4314,51.8,87,20,0.0,few clouds
702,Lokosovo,RU,61.1333,74.8167,-16.65,97,13,4.92,few clouds
703,Synya,RU,65.3718,58.0387,-16.2,97,12,2.66,few clouds
704,Izhma,RU,65.0083,53.9113,-12.14,99,78,4.07,broken clouds
705,Lexington,US,37.9887,-84.4777,57.2,51,40,12.66,scattered clouds
706,Voyvozh,RU,62.892,54.9635,-1.68,88,100,6.11,overcast clouds
707,Hammerfest,NO,70.6634,23.6821,25.25,68,100,28.77,overcast clouds
708,Lai,TD,9.3952,16.2989,68.86,24,76,6.22,broken clouds
709,Mogocha,RU,53.7333,119.7667,2.3,94,100,2.3,overcast clouds
710,Kimbe,PG,-5.5502,150.1429,78.82,89,100,3.06,light rain
711,Escarcega,MX,18.6089,-90.7454,70.09,94,67,5.59,broken clouds
712,Riyadh,SA,24.6877,46.7219,51.94,46,100,7.92,light rain
713,Karatsu,JP,33.4425,129.9697,48.06,25,97,3.0,overcast clouds
714,Pereira Barreto,BR,-20.6383,-51.1092,72.63,88,99,4.32,overcast clouds
715,Maragogi,BR,-9.0122,-35.2225,76.12,86,9,6.85,clear sky
716,Pag,HR,44.445,15.0575,52.38,88,77,14.63,broken clouds
717,Manuk Mangkaw,PH,4.8,119.85,81.14,79,100,14.61,overcast clouds
718,Mulege,MX,26.8833,-111.9833,60.73,77,100,1.81,overcast clouds
719,Alekseyevsk,RU,57.8406,108.3492,-8.46,94,100,4.99,overcast clouds
720,Cootamundra,AU,-34.65,148.0333,80.94,51,20,10.07,few clouds
721,Spasskoye,RU,44.6108,132.7969,3.78,92,3,2.75,clear sky
722,Devonport,AU,-41.1667,146.35,65.01,68,100,6.06,overcast clouds
723,Indianola,US,41.3581,-93.5574,36.09,81,73,5.01,broken clouds
724,Aden,YE,12.7794,45.0367,78.93,70,6,20.94,clear sky
725,Bonfim,BR,3.0833,-59.95,76.1,77,92,2.95,overcast clouds
726,Te Anau,NZ,-45.4167,167.7167,63.36,50,94,5.23,overcast clouds
727,Vredendal,ZA,-31.6683,18.5012,74.93,30,47,13.06,scattered clouds
728,Namatanai,PG,-3.6667,152.4333,82.22,74,70,9.35,broken clouds
729,Shelburne,CA,44.0787,-80.2041,45.05,98,100,13.09,overcast clouds
730,Santo Andre,BR,-23.6639,-46.5383,67.57,97,98,3.94,overcast clouds
731,Sabya,SA,17.1495,42.6254,80.22,60,60,6.33,broken clouds
732,Marienburg,PL,54.0359,19.0266,44.85,83,100,13.4,light rain
733,Turayf,SA,31.6725,38.6637,41.25,93,40,8.05,mist
734,La Ligua,CL,-32.4524,-71.2311,61.27,88,0,1.99,clear sky
735,Savonlinna,FI,61.8699,28.88,30.25,86,100,16.11,snow
736,Omsukchan,RU,62.5333,155.8,-32.06,98,99,4.12,overcast clouds
737,Piopio,NZ,-38.4667,175.0167,71.1,69,3,4.29,clear sky
738,Zaranj,AF,30.9667,61.8833,49.96,37,0,10.18,clear sky
739,Isla Mujeres,MX,21.2311,-86.731,77.16,87,3,12.37,light rain
740,Harrison,US,30.4091,-89.0436,66.76,94,100,21.85,overcast clouds
741,Bandarbeyla,SO,9.4942,50.8122,80.62,64,70,21.99,broken clouds
742,Kendari,ID,-3.945,122.4989,81.16,80,100,3.89,overcast clouds
